"Last updated: October 1, 2026",,,,,,,
Moniker,Total points earned,,Perfection bonus - completing all tasks perfectly this period (so far),Unjailed bonus - remain unjailed for the entire period,Sep 17 - Upgrade to v28.2.0 (freebie),,Provider uptime - must be >0.5 to qualify for this period
🐹 Quokka Stake,3,,1,1,1,,100%
01node,3,,1,1,1,,100%
0base.vc,3,,1,1,1,,100%
Bit Cat🐱,3,,1,1,1,,99%
bitszn | valopers.com,3,,1,1,1,,100%
BlockHunters,2,,1,0,1,,0%
Blockpower,2,,1,0,1,,0%
blockscape,2,,1,0,1,,97%
BonyNode💚,3,,1,1,1,,98%
Bro_n_Bro,3,,1,1,1,,55%
Chiter in Cosmos ⚛,3,,1,1,1,,99%
Citadel.one,3,,1,1,1,,81%
Citizen Web3,3,,1,1,1,,99%
Coinage x DAIC,3,,1,1,1,,100%
Compass,2,,1,0,1,,15%
Cosmic Validator,3,,1,1,1,,99%
Cosmos Spaces,3,,1,1,1,,100%
CosmosAf,2,,1,0,1,,0%
cosmosrescue,3,,1,1,1,,100%
Cosmostation,2,,1,0,1,,0%
Crosnest,3,,1,1,1,,100%
Crouton Digital,3,,1,1,1,,100%
CrowdControl,3,,1,1,1,,100%
CryptoCrew Validators,3,,1,1,1,,97%
Cumulo,3,,1,1,1,,100%
Cypher Core,3,,1,1,1,,99%
Cypher Networks,2,,1,0,1,,0%
DELIGHT,3,,1,1,1,,100%
dForce,2,,1,0,1,,0%
DragonStake,2,,1,0,1,,0%
DSRV,3,,1,1,1,,100%
DURE Nodes,3,,1,1,1,,100%
Easy 2 Stake,3,,1,1,1,,98%
ECO Stake 🌱,3,,1,1,1,,99%
Endorphine Stake,3,,1,1,1,,100%
Enigma,3,,1,1,1,,28%
EthicalNode,3,,1,1,1,,100%
Everstake,3,,1,1,1,,100%
Expedition,3,,1,1,1,,100%
GATA HUB,3,,1,1,1,,100%
Golden Ratio Staking,2,,1,0,1,,95%
HashQuark,2,,1,0,1,,0%
Helios Stake,3,,1,1,1,,100%
High Stakes,3,,1,1,1,,100%
Huginn,3,,1,1,1,,100%
IcyCRO.org,3,,1,1,1,,100%
Inter Blockchain Services,3,,1,1,1,,100%
Interstellar Lounge,3,,1,1,1,,100%
Irisnet,3,,1,1,1,,98%
ITRocket,3,,1,1,1,,100%
JohnWiard,2,,1,0,1,,0%
KalpaTech,3,,1,1,1,,93%
Keplr,3,,1,1,1,,100%
kjnodes.com 🦄,3,,1,1,1,,99%
Kleomedes,3,,1,1,1,,99%
Lavender.Five Nodes,3,,1,1,1,,4%
LoomNode,3,,1,1,1,,83%
LuckyStar,3,,1,1,1,,99%
M256,3,,1,1,1,,100%
Magnet,1,,0,1,0,,18%
Meria,3,,1,1,1,,100%
MIPEnode,2,,1,0,1,,82%
Nansen | Stake to Stack Points,3,,1,1,1,,100%
navs,3,,1,1,1,,100%
NO FEE | Atlas Staking (Autocompound Rewards),3,,1,1,1,,98%
node101,3,,1,1,1,,100%
Node39,3,,1,1,1,,100%
NodesHub,3,,1,1,1,,100%
NodeStake,3,,1,1,1,,100%
Nodiums,3,,1,1,1,,100%
Oldcat - airdrop DHK every month,3,,1,1,1,,100%
OwlStake,3,,1,1,1,,100%
P2P.ORG - P2P Validator,2,,1,0,1,,55%
papadritta,2,,1,0,1,,0%
Perfect-nodes,1,,0,1,0,,5%
polkachu.com,3,,1,1,1,,100%
POSITIVA Ultra,3,,1,1,1,,100%
POSTHUMAN 🧬 StakeDrop,3,,1,1,1,,100%
PRO Delegators,3,,1,1,1,,100%
pro-nodes75,3,,1,1,1,,100%
Provalidator,3,,1,1,1,,100%
Quasar,3,,1,1,1,,100%
S16 Research Ventures,3,,1,1,1,,100%
ShapeShift DAO,3,,1,1,1,,100%
Silk Nodes,3,,1,1,1,,100%
Simply Staking,3,,1,1,1,,100%
Smart Stake 📈📊,3,,1,1,1,,100%
Snow Fall,3,,1,1,1,,83%
Sr20de,3,,1,1,1,,100%
stake.systems,3,,1,1,1,,100%
Stake&Relax 🦥,3,,1,1,1,,99%
Stakecito,3,,1,1,1,,100%
Stakeflow,3,,1,1,1,,100%
Stakely,3,,1,1,1,,100%
StakeUp,3,,1,1,1,,58%
TerraBitcoin Club,3,,1,1,1,,99%
Tessellated,3,,1,1,1,,99%
The_Cybernetics,3,,1,1,1,,100%
TTT VN,3,,1,1,1,,55%
Ubik Capital,3,,1,1,1,,100%
Unity Nodes,3,,1,1,1,,100%
VALIDARIOS,3,,1,1,1,,100%
vido.info,3,,1,1,1,,100%
w3coins,2,,1,0,1,,0%
WeStaking,3,,1,1,1,,100%
WhisperNode,2,,1,0,1,,0%
Witval,3,,1,1,1,,100%
Ztake.org,3,,1,1,1,,100%